¬´–Ø–±–ª–æ–∫–æ¬ª ‚Äî –ø–æ–ª–∏—Ç–∏—á–µ—Å–∫–∞—è –ø–∞—Ä—Ç–∏—è,"–£—Å—Ç–∞–≤, –ø—Ä–æ–≥—Ä–∞–º–º–Ω—ã–µ –¥–æ–∫—É–º–µ–Ω—Ç—ã. –°–æ—Å—Ç–∞–≤ —Ä—É–∫–æ–≤–æ–¥—è—â–∏—Ö –∏ —Ä–∞–±–æ—á–∏—Ö –æ—Ä–≥–∞–Ω–æ–≤. –ü–µ—Ä–µ—á–µ–Ω—å —Ñ—Ä–∞–∫—Ü–∏–π. –≠–ª–µ–∫—Ç—Ä–æ–Ω–Ω–∞—è –ø—Ä–∏–µ–º–Ω–∞—è. –£—Å–ª–æ–≤–∏—è –≤—Å—Ç—É–ø–ª–µ–Ω–∏—è.",1
–Ø–±–ª–æ–∫–æ ‚Äî –í–∏–∫–∏–ø–µ–¥–∏—è,"–ØÃÅ–±–ª–æ–∫–æ ‚Äî —Å–æ—á–Ω—ã–π –ø–ª–æ–¥ —è–±–ª–æ–Ω–∏, –∫–æ—Ç–æ—Ä—ã–π —É–ø–æ—Ç—Ä–µ–±–ª—è–µ—Ç—Å—è –≤ –ø–∏—â—É –≤ —Å–≤–µ–∂–µ–º –≤–∏–¥–µ, —Å–ª—É–∂–∏—Ç —Å—ã—Ä—å—ë–º –≤ –∫—É–ª–∏–Ω–∞—Ä–∏–∏ –∏ –¥–ª—è –ø—Ä–∏–≥–æ—Ç–æ–≤–ª–µ–Ω–∏—è –Ω–∞–ø–∏—Ç–∫–æ–≤.",1
–ü–∞—Ä—Ç–∏—è –Ø–ë–õ–û–ö–û ‚Äî –í–ö–æ–Ω—Ç–∞–∫—Ç–µ,"–ü–æ–¥–ø–∏—Å—á–∏–∫–æ–≤: 19 —Ç—ã—Å.–û —Å–µ–±–µ: –†–æ—Å—Å–∏–π—Å–∫–∞—è –æ–±—ä–µ–¥–∏–Ω–µ–Ω–Ω–∞—è –¥–µ–º–æ–∫—Ä–∞—Ç–∏—á–µ—Å–∫–∞—è –ø–∞—Ä—Ç–∏—è –Ø–ë–õ–û–ö–û –ú—ã –±–æ—Ä–µ–º—Å—è –∑–∞ —Ç–æ, —á—Ç–æ–±—ã —Å–¥–µ–ª–∞—Ç—å –†–æ—Å—Å–∏—é —Å–∏–ª—å–Ω–æ–π –∏ —Å–æ–≤—Ä–µ... –ß–∏—Ç–∞—Ç—å –µ—â—ë",1
"–Ø–±–ª–æ–∫–æ ‚Äì –ø–æ–ª–µ–∑–Ω—ã–µ —Å–≤–æ–π—Å—Ç–≤–∞, —Å–æ—Å—Ç–∞–≤ –∏ –ø—Ä–æ—Ç–∏–≤–æ–ø–æ–∫–∞–∑–∞–Ω–∏—è","–¢—É—Ä–±–æ ¬∑ –í—Å—ë –ø—Ä–æ —è–±–ª–æ–∫–æ, –µ–≥–æ —Å–æ—Å—Ç–∞–≤ –∏ –∫–∞–ª–æ—Ä–∏–π–Ω–æ—Å—Ç—å, –ø–æ–ª–µ–∑–Ω—ã–µ —Å–≤–æ–π—Å—Ç–≤–∞ –∏ –ø—Ä–∏–º–µ–Ω–µ–Ω–∏–µ –≤ ... –Ø–±–ª–æ–∫–∏ ‚Äì —É–Ω–∏–∫–∞–ª—å–Ω—ã–π –ø—Ä–æ–¥—É–∫—Ç, –∏—Å–ø–æ–ª—å–∑—É–µ–º—ã–π –≤ –¥–µ—Å–µ—Ä—Ç–∞—Ö, –≤—Ç–æ—Ä—ã—Ö –±–ª—é–¥–∞—Ö, –≤—ã–ø–µ—á–∫–µ, —Å–∞–ª–∞—Ç–∞—Ö, —Å–æ—É—Å–∞—Ö. –Ø–±–ª–æ–∫–∞–º–∏ —Ñ–∞—Ä—à–∏—Ä—É—é—Ç –ø—Ç–∏—Ü—É; –∏—Ö –∑–∞–ø–µ–∫–∞—é—Ç —Å –º—è—Å–æ–º... –ß–∏—Ç–∞—Ç—å –µ—â—ë",1
–ü–∞—Ä—Ç–∏—è –Ø–ë–õ–û–ö–û ‚Äî Twitter,–ì–æ—Ä–æ–¥: –†–æ—Å—Å–∏—è–ü–æ–¥–ø–∏—Å—á–∏–∫–æ–≤: 54 —Ç—ã—Å.–û —Å–µ–±–µ: –†–æ—Å—Å–∏–π—Å–∫–∞—è –æ–±—ä–µ–¥–∏–Ω–µ–Ω–Ω–∞—è –¥–µ–º–æ–∫—Ä–∞—Ç–∏—á–µ—Å–∫–∞—è –ø–∞—Ä—Ç–∏—è –Ø–ë–õ–û–ö–û,0
–ü–∞—Ä—Ç–∏—è –Ø–ë–õ–û–ö–û ‚Äî OK,–ü–æ–¥–ø–∏—Å—á–∏–∫–æ–≤: 4 —Ç—ã—Å.–û —Å–µ–±–µ: –û—Ñ–∏—Ü–∏–∞–ª—å–Ω–∞—è –≥—Ä—É–ø–ø–∞ –ø–æ–ª–∏—Ç–∏—á–µ—Å–∫–æ–π –ø–∞—Ä—Ç–∏–∏ –Ø–ë–õ–û–ö–û,0
–Ø–±–ª–æ–∫–æ –≤ –ú–æ—Å–∫–≤–µ ‚Äî 76 –ø—Ä–µ–¥–ª–æ–∂–µ–Ω–∏–π –Ω–∞ –ú–∞—Ä–∫–µ—Ç–µ,"–¢–æ–≤–∞—Ä—ã –∏–∑ –º–∞–≥–∞–∑–∏–Ω–∞ –ì–£–°–¨-–•–†–£–°–¢–ê–õ–¨.–†–£ (–Ω–∞ —Ñ–æ—Ç–æ) –∏ –µ—â–µ 43. –í—ã–±–æ—Ä –ø–æ –ø–∞—Ä–∞–º–µ—Ç—Ä–∞–º.
–ü–æ–∫–∞–∑–∞—Ç—å –º–∞–≥–∞–∑–∏–Ω—ã –Ω–∞ –∫–∞—Ä—Ç–µ",0
–ü–∞—Ä—Ç–∏—è –Ø–±–ª–æ–∫–æ - –ì–ª–∞–≤–Ω–∞—è | Facebook,"¬´–Ø–±–ª–æ–∫–æ¬ª ‚Äì —ç—Ç–æ —Å–æ–æ–±—â–µ—Å—Ç–≤–æ —Ç–µ—Ö, –∫—Ç–æ —Ö–æ—á–µ—Ç —Ä–µ–∞–ª—å–Ω—ã—Ö –ø–µ—Ä–µ–º–µ–Ω –≤ —Å—Ç—Ä–∞–Ω–µ. ... ¬´–≠—Ç–æ –∏–∑–¥–µ–≤–∞—Ç–µ–ª—å—Å—Ç–≤–æ –Ω–∞–¥ –∑–¥—Ä–∞–≤—ã–º —Å–º—ã—Å–ª–æ–º¬ª, ‚Äî –ø—Ä–µ–¥—Å–µ–¥–∞—Ç–µ–ª—å ¬´–Ø–±–ª–æ–∫–∞¬ª –ù–∏–∫–æ–ª–∞–π –†—ã–±–∞–∫–æ–≤ –∑–∞—è–≤–∏–ª, —á—Ç–æ –ø–∞—Ä—Ç–∏—è –Ω–µ –ø—Ä–∏–∑–Ω–∞–µ—Ç ¬´–≥–æ–ª–æ—Å–æ–≤–∞–Ω–∏–µ¬ª –ø–æ –ø—É—Ç–∏–Ω—Å–∫–∏–º... –ß–∏—Ç–∞—Ç—å –µ—â—ë",0
–ì–ª–∞–≤–Ω–∞—è | –ú–æ—Å–∫–æ–≤—Å–∫–æ–µ –Ø–ë–õ–û–ö–û,"–ú–æ—Å–∫–æ–≤—Å–∫–æ–µ –Ø–±–ª–æ–∫–æ. –ú–æ—Å–∫–≤–∞, —É–ª. –ü—è—Ç–Ω–∏—Ü–∫–∞—è, 28 –û–±—â–µ—Å—Ç–≤–µ–Ω–Ω–∞—è –ø—Ä–∏–µ–º–Ω–∞—è (495)780-30-10 –¥–æ–±. 221. –ö–æ–Ω—Ç–∞–∫—Ç—ã: ro@mosyabloko.ru, mospress@mosyabloko.ru (–¥–ª—è –ø—Ä–µ—Å—Å—ã). –°–∞–π—Ç –∑–∞—Ä–µ–≥–∏—Å—Ç—Ä–∏—Ä–æ–≤–∞–Ω –≤ –∫–∞—á–µ—Å—Ç–≤–µ –°–ú–ò –≤ –§–µ–¥–µ—Ä–∞–ª—å–Ω–æ–π —Å–ª—É–∂–±–µ –ø–æ... –ß–∏—Ç–∞—Ç—å –µ—â—ë",0
"–Ø–±–ª–æ–∫–æ - —Å–∞–º—ã–π –ø–æ–ª–µ–∑–Ω—ã–π, –ª–µ—á–µ–±–Ω—ã–π...","–Ø–±–ª–æ–Ω—è –¥–æ–º–∞—à–Ω—è—è (Malus domestica), –æ–¥–Ω–∞ –∏–∑ –¥—Ä–µ–≤–Ω–µ–π—à–∏—Ö –ø–ª–æ–¥–æ–≤—ã—Ö –ø–æ—Ä–æ–¥, –∫ –Ω–µ–π –æ—Ç–Ω–æ—Å–∏—Ç—Å—è –±–æ–ª—å—à–∏–Ω—Å—Ç–≤–æ –≤—ã—Ä–∞—â–∏–≤–∞–µ–º—ã—Ö —Å–æ—Ä—Ç–æ–≤. –ß–∏—Ç–∞—Ç—å –µ—â—ë",-1
–ó–æ–ª–æ—Ç–æ–µ —è–±–ª–æ–∫–æ - –ø–∞—Ä—Ñ—é–º–µ—Ä–Ω—ã–π —Å—É–ø–µ—Ä–º–∞—Ä–∫–µ—Ç | Gold Apple,"–ê–∫—Ü–∏–∏ –∏ –Ω–æ–≤–æ—Å—Ç–∏. –û–ø–∏—Å–∞–Ω–∏–µ —Ç–æ–≤–∞—Ä–æ–≤. –°–≤–µ–¥–µ–Ω–∏—è –æ –¥–∏—Å–∫–æ–Ω—Ç–Ω–æ–π —Å–∏—Å—Ç–µ–º–µ. –ö–æ–Ω—Ç–∞–∫—Ç–Ω–∞—è –∏–Ω—Ñ–æ—Ä–º–∞—Ü–∏—è.
–ê–¥—Ä–µ—Å–∞ –Ω–∞ –∫–∞—Ä—Ç–µ",-1
–Ø–±–ª–æ–∫–∏ –†–æ—Å—Å–∏—è / myfresh.ru,"–ü–æ–∫—É–ø–∞–π—Ç–µ –Ω–∞—Ç—É—Ä–∞–ª—å–Ω—ã–µ –ø—Ä–æ–¥—É–∫—Ç—ã –Ω–µ –≤—ã—Ö–æ–¥—è –∏–∑ –¥–æ–º–∞! ¬∑ –ö–æ–Ω—Ç—Ä–æ–ª—å –∫–∞—á–µ—Å—Ç–≤–∞. 100% –Ω–∞—Ç—É—Ä–∞–ª—å–Ω–æ. –õ—ë–≥–∫–∏–π –∑–∞–∫–∞–∑ –Ω–∞ —Å–∞–π—Ç–µ. –ì–∞—Ä–∞–Ω—Ç–∏—è –≤–æ–∑–≤—Ä–∞—Ç–∞
Sale
–û –∫–æ–º–ø–∞–Ω–∏–∏
–î–æ—Å—Ç–∞–≤–∫–∞
–û–ø–ª–∞—Ç–∞
–ö–æ–Ω—Ç–∞–∫—Ç–Ω–∞—è –∏–Ω—Ñ–æ—Ä–º–∞—Ü–∏—è+7 (495) 761-XX-XX –ü–æ–∫–∞–∑–∞—Ç—å
–ø–Ω-–≤—Å 8:00-1:00
–ú–æ—Å–∫–≤–∞",-1
"–Ø–±–ª–æ–∫–æ, / perekrestok.ru","–û—Ñ–∏—Ü–∏–∞–ª—å–Ω–∞—è –¥–æ—Å—Ç–∞–≤–∫–∞ –æ–Ω–ª–∞–π–Ω-—Å—É–ø–µ—Ä–º–∞—Ä–∫–µ—Ç–∞ –ü–µ—Ä–µ–∫—Ä—ë—Å—Ç–æ–∫ ‚Äî –æ–Ω–ª–∞–π–Ω –¥–µ—à–µ–≤–ª–µ –∏ —É–¥–æ–±–Ω–µ–µ! ¬∑ –®–∏—Ä–æ–∫–∏–π –∞—Å—Å–æ—Ä—Ç–∏–º–µ–Ω—Ç. –°–≤–µ–∂–∏–µ –ø—Ä–æ–¥—É–∫—Ç—ã. –≠–∫–æ–Ω–æ–º–∏—è –≤—Ä–µ–º–µ–Ω–∏. –î–æ—Å—Ç–∞–≤–∫–∞ –¥–æ –¥–≤–µ—Ä–∏. –ö–æ–Ω—Ç—Ä–æ–ª—å –∫–∞—á–µ—Å—Ç–≤–∞. –ì–∞—Ä–∞–Ω—Ç–∏—è —Å–≤–µ–∂–µ—Å—Ç–∏. –ü–æ–¥–¥–µ—Ä–∂–∫–∞ 24/7 ¬∑ –ü—Ä–æ–¥–∞–≤–µ—Ü: –ò–Ω—Ç–µ—Ä–Ω–µ—Ç-—Å—É–ø–µ—Ä–º–∞—Ä–∫–µ—Ç ""–ü–µ—Ä–µ–∫—Ä–µ—Å—Ç–æ–∫"". ‚Ä¶ –ß–∏—Ç–∞—Ç—å –µ—â—ë
–ë–µ—Å–∫–æ–Ω—Ç–∞–∫—Ç–Ω–∞—è –¥–æ—Å—Ç–∞–≤–∫–∞
–ì–∞—Ä–∞–Ω—Ç–∏—è —Å–≤–µ–∂–µ—Å—Ç–∏
–û –¥–æ—Å—Ç–∞–≤–∫–µ
–°–∫–∏–¥–∫–∞ 1500 —Ä—É–±.
–ö–æ–Ω—Ç–∞–∫—Ç–Ω–∞—è –∏–Ω—Ñ–æ—Ä–º–∞—Ü–∏—è+7 (495) 797-XX-XX –ü–æ–∫–∞–∑–∞—Ç—å
–∫—Ä—É–≥–ª–æ—Å—É—Ç–æ—á–Ω–æ
–ú–æ—Å–∫–≤–∞",-1
–ö—É–ø–∏—Ç–µ —è–±–ª–æ–∫–∏ ‚Äì –ë–µ—Å–∫–æ–Ω—Ç–∞–∫—Ç–Ω–∞—è –¥–æ—Å—Ç–∞–≤–∫–∞,"–ò —Ü–µ–Ω–∞, –∏ –∫–∞—á–µ—Å—Ç–≤–æ, –∏ –±–æ–ª—å—à–æ–π –∞—Å—Å–æ—Ä—Ç–∏–º–µ–Ω—Ç. –£—Ç–∫–æ–Ω–æ—Å –û–Ω–ª–∞–π–Ω. –ë–µ—Å–∫–æ–Ω—Ç–∞–∫—Ç–Ω–∞—è –¥–æ—Å—Ç–∞–≤–∫–∞ ¬∑ –ö–∞—á–µ—Å—Ç–≤–µ–Ω–Ω—ã–µ —Ç–æ–≤–∞—Ä—ã. –û–ø–ª–∞—Ç–∞ –Ω–∞–ª–∏—á–Ω—ã–º–∏/–∫–∞—Ä—Ç–æ–π. 19 –ª–µ—Ç —É—Å–ø–µ—à–Ω–æ–π —Ä–∞–±–æ—Ç—ã. –¢—ã—Å—è—á–∏ —Ç–æ–≤–∞—Ä–æ–≤ —Å–æ —Å–∫–∏–¥–∫–æ–π
–î–æ—Å—Ç–∞–≤–∫–∞ –æ—Ç 2 —á–∞—Å–æ–≤
–û –¥–æ—Å—Ç–∞–≤–∫–µ
–ü—Ä–∏–ª–æ–∂–µ–Ω–∏–µ
–°–∫–∏–¥–∫–∏ –¥–æ 60%
–ö–æ–Ω—Ç–∞–∫—Ç–Ω–∞—è –∏–Ω—Ñ–æ—Ä–º–∞—Ü–∏—è+7 (495) 777-XX-XX –ü–æ–∫–∞–∑–∞—Ç—å
–∫—Ä—É–≥–ª–æ—Å—É—Ç–æ—á–Ω–æ
–ú–æ—Å–∫–≤–∞",-1
–ê–±—Ä–∏–∫–æ—Å ‚Äî –∏–Ω—Ç–µ—Ä–Ω–µ—Ç-–º–∞–≥–∞–∑–∏–Ω –ø—Ä–æ–¥—É–∫—Ç–æ–≤ –ø–∏—Ç–∞–Ω–∏—è,"–ò–Ω—Ç–µ—Ä–Ω–µ—Ç-–º–∞–≥–∞–∑–∏–Ω –∏ –¥–æ—Å—Ç–∞–≤–∫–∞ –ø—Ä–æ–¥—É–∫—Ç–æ–≤ –ø–∏—Ç–∞–Ω–∏—è - –∫–æ–º–ø–∞–Ω–∏—è –ê–±—Ä–∏–∫–æ—Å. –ù–æ–≤–æ—Å—Ç–∏. –ö–∞—Ç–∞–ª–æ–≥ —Ç–æ–≤–∞—Ä–æ–≤ (—Ñ—Ä—É–∫—Ç—ã, –æ–≤–æ—â–∏, –∑–µ–ª–µ–Ω—å, –≥—Ä–∏–±—ã, –∫–æ–Ω—Å–µ—Ä–≤–∞—Ü–∏—è, —Ä—ã–±–∞ –∏ –º–æ—Ä–µ–ø—Ä–æ–¥—É–∫—Ç—ã, –ø—Ä–æ—Ñ–µ—Å—Å–∏–æ–Ω–∞–ª—å–Ω—ã–µ –º–æ—é—â–∏–µ —Å—Ä–µ–¥—Å—Ç–≤–∞, —Ä–µ–ª–∏–≥–∏–æ–∑–Ω—ã–µ –ø–æ–¥–∞—Ä–∫–∏, –æ—Ä–µ—Ö–∏, –º—è—Å–æ –æ—Ö–ª–∞–∂–¥–µ–Ω–Ω–æ–µ –∏ —Å–≤–µ–∂–µ–º–æ—Ä–æ–∂–µ–Ω–æ... –ß–∏—Ç–∞—Ç—å –µ—â—ë
–ö–∞—Ç–∞–ª–æ–≥
–ö–æ–Ω—Ç–∞–∫—Ç—ã
–ù–∞—à–∏ —Å–ø–µ—Ü–ø—Ä–µ–¥–ª–æ–∂–µ–Ω–∏—è
–ü–æ–º–æ—â—å
–û –∫–æ–º–ø–∞–Ω–∏–∏
–†–æ—Å—Å–∏—è, –ú–æ—Å–∫–≤–∞, –û—Ç–∫—Ä—ã—Ç–æ–µ —à–æ—Å—Å–µ, 15, —Å—Ç—Ä. 9
–º. –ë—É–ª—å–≤–∞—Ä –†–æ–∫–æ—Å—Å–æ–≤—Å–∫–æ–≥–æ
+7 (495) 374-XX-XX –ü–æ–∫–∞–∑–∞—Ç—å
 4,3 –∏–∑ 5  36 –æ—Ç–∑—ã–≤–æ–≤",1
–ê–±—Ä–∏–∫–æ—Å –æ–±—ã–∫–Ω–æ–≤–µ–Ω–Ω—ã–π ‚Äî –í–∏–∫–∏–ø–µ–¥–∏—è,"–ê–±—Ä–∏–∫–æÃÅ—Å –æ–±—ã–∫–Ω–æ–≤–µÃÅ–Ω–Ω—ã–π ‚Äî –ø–ª–æ–¥–æ–≤–æ–µ –¥–µ—Ä–µ–≤–æ, –≤–∏–¥ –∏–∑ —Å–µ–∫—Ü–∏–∏ –ê–±—Ä–∏–∫–æ—Å (Armeniaca) —Ä–æ–¥–∞ –°–ª–∏–≤–∞ (Prunus) —Å–µ–º–µ–π—Å—Ç–≤–∞ –†–æ–∑–æ–≤—ã–µ (Rosaceae).",1
"–ê–±—Ä–∏–∫–æ—Å - –ø–æ–ª–µ–∑–Ω—ã–µ —Å–≤–æ–π—Å—Ç–≤–∞, —Å–æ—Å—Ç–∞–≤ –∏ –ø—Ä–æ—Ç–∏–≤–æ–ø–æ–∫–∞–∑–∞–Ω–∏—è...","–¢—É—Ä–±–æ ¬∑ –í—Å—ë –ø—Ä–æ –∞–±—Ä–∏–∫–æ—Å, –µ–≥–æ —Å–æ—Å—Ç–∞–≤ –∏ –∫–∞–ª–æ—Ä–∏–π–Ω–æ—Å—Ç—å, –ø–æ–ª–µ–∑–Ω—ã–µ —Å–≤–æ–π—Å—Ç–≤–∞ –∏ –ø—Ä–∏–º–µ–Ω–µ–Ω–∏–µ –≤ –Ω–∞—Ä–æ–¥–Ω–æ–π –º–µ–¥–∏—Ü–∏–Ω–µ, –∏–Ω—Ç–µ—Ä–µ—Å–Ω—ã–µ —Ñ–∞–∫—Ç—ã –æ –∞–±—Ä–∏–∫–æ—Å–µ. –ß–∏—Ç–∞—Ç—å –µ—â—ë",1
"–ê–±—Ä–∏–∫–æ—Å—ã: –ø–æ–ª—å–∑–∞ –∏ –≤—Ä–µ–¥, –≤–∏—Ç–∞–º–∏–Ω—ã –∏ –º–∏–Ω–µ—Ä–∞–ª—ã","–í—ã –ª—é–±–∏—Ç–µ –∞–±—Ä–∏–∫–æ—Å—ã? –ü–æ–ª—å–∑–∞ –∏ –≤—Ä–µ–¥ —ç—Ç–æ–≥–æ –≤–∫—É—Å–Ω–æ–≥–æ —Ñ—Ä—É–∫—Ç–∞ –æ–±—Å—É–∂–¥–∞–µ—Ç—Å—è –≤ –¥–∞–Ω–Ω–æ–π —Å—Ç–∞—Ç—å–µ. –°–æ—Ä—Ç–∞ –∞–±—Ä–∏–∫–æ—Å–æ–≤ –°—É—â–µ—Å—Ç–≤—É–µ—Ç –¥–æ–≤–æ–ª—å–Ω–æ –º–Ω–æ–≥–æ —Å–æ—Ä—Ç–æ–≤ —ç—Ç–∏—Ö —Ñ—Ä—É–∫—Ç–æ–≤, –∏ –∫–∞–∂–¥—ã–π –∏–∑ –Ω–∏—Ö –æ—Ç–ª–∏—á–∞—é—Ç —Å–≤–æ–∏ –Ω–µ–ø–æ–≤—Ç–æ—Ä–∏–º—ã–µ —á–µ—Ä—Ç—ã ‚Äì –∫–∏—Å–ª–∏–Ω–∫–∞, —Å–ª–∞–¥–æ—Å—Ç—å... –ß–∏—Ç–∞—Ç—å –µ—â—ë",1
"–ê–±—Ä–∏–∫–æ—Å: –ø–æ—Å–∞–¥–∫–∞ –∏ —É—Ö–æ–¥, –æ–±—Ä–µ–∑–∫–∞ –∏ –ø—Ä–∏–≤–∏–≤–∫–∞","–î–µ—Ä–µ–≤–æ –∞–±—Ä–∏–∫–æ—Å ‚Äì –æ–ø–∏—Å–∞–Ω–∏–µ –ø–æ—Å–∞–¥–∫–∏ –∏ —É—Ö–æ–¥–∞: –∫–∞–∫ –∏ –∫–æ–≥–¥–∞ —Å–∞–∂–∞—Ç—å –æ—Å–µ–Ω—å—é –∏ –≤–µ—Å–Ω–æ–π, –ø–æ–ª–∏–≤, –æ–±—Ä–∞–±–æ—Ç–∫–∞ –∏ –ø–æ–¥–∫–æ—Ä–º–∫–∞. –ß–∏—Ç–∞—Ç—å –µ—â—ë",0
–ê–±—Ä–∏–∫–æ—Å –≤ –ú–æ—Å–∫–≤–µ ‚Äî 83 –ø—Ä–µ–¥–ª–æ–∂–µ–Ω–∏—è –Ω–∞ –ú–∞—Ä–∫–µ—Ç–µ,"–¢–æ–≤–∞—Ä—ã –∏–∑ –º–∞–≥–∞–∑–∏–Ω–∞ –í—Å–µ –°–æ—Ä—Ç–∞ (–Ω–∞ —Ñ–æ—Ç–æ) –∏ –µ—â–µ 42. –í—ã–±–æ—Ä –ø–æ –ø–∞—Ä–∞–º–µ—Ç—Ä–∞–º.
–ü–æ–∫–∞–∑–∞—Ç—å –º–∞–≥–∞–∑–∏–Ω—ã –Ω–∞ –∫–∞—Ä—Ç–µ",0
–ê–±—Ä–∏–∫–æ—Å —ç—Ç–æ —è–≥–æ–¥–∞ –∏–ª–∏ —Ñ—Ä—É–∫—Ç? #–ø–æ–ª—å–∑–∞ –∏ –≤—Ä–µ–¥ –¥–ª—è...,–ê–±—Ä–∏–∫–æ—Å ‚Äì —ç—Ç–æ —Ñ—Ä—É–∫—Ç –∏–ª–∏ —è–≥–æ–¥–∞? üòÑ –ì–¥–µ –∏ –∫–∞–∫ —Ä–∞—Å—Ç–µ—Ç –∞–±—Ä–∏–∫–æ—Å? –ü—Ä–∏–º–µ–Ω–µ–Ω–∏—è –≤ –∫–æ—Å–º–∏—Ç–æ–ª–æ–≥–∏–∏. üë©–ö–∞–∫–∏–µ –ø–æ–ª–µ–∑–Ω—ã–µ —Å–≤–æ–π—Å—Ç–≤–∞ –∞–±—Ä–∏–∫–æ—Å–∞ –∏ –µ–≥–æ –≤—Ä–µ–¥ –¥–ª—è –æ—Ä–≥–∞–Ω–∏–∑–º–∞. –ß–∏—Ç–∞—Ç—å –µ—â—ë,0
–ê–±—Ä–∏–∫–æ—Å: —Å–≤–æ–π—Å—Ç–≤–∞ –∏ –ø–æ–ª—å–∑–∞ –¥–ª—è –æ—Ä–≥–∞–Ω–∏–∑–º–∞ | Food and...,–ü–æ–ª—å–∑–∞ –∏ –≤—Ä–µ–¥ –∞–±—Ä–∏–∫–æ—Å–∞ –¥–ª—è –æ—Ä–≥–∞–Ω–∏–∑–º–∞. –•–∏–º–∏—á–µ—Å–∫–∏–π —Å–æ—Å—Ç–∞–≤ –∏ —á–µ–º –ø–æ–ª–µ–∑–Ω—ã –∞–±—Ä–∏–∫–æ—Å–æ–≤—ã–µ –∫–æ—Å—Ç–æ—á–∫–∏. –ü–æ–ª–µ–∑–Ω—ã–µ —Å–≤–æ–π—Å—Ç–≤–∞ –∫—É—Ä–∞–≥–∏ –∏ —É—Ä—é–∫–∞. –ß–∏—Ç–∞—Ç—å –µ—â—ë,0
–ê–±—Ä–∏–∫–æ—Å ‚Äî –ø–æ–ª–µ–∑–Ω—ã–µ –∏ –∏–Ω—Ç–µ—Ä–µ—Å–Ω—ã–µ —Ñ–∞–∫—Ç—ã | –í–æ–∫—Ä—É–≥–°–∞–¥–∞.—Ä—É,"–ê–±—Ä–∏–∫–æ—Å ‚Äî —ç—Ç–æ —á–ª–µ–Ω —Å–µ–º–µ–π—Å—Ç–≤–∞ —Ä–æ–∑–æ–≤—ã—Ö –∏ —è–≤–ª—è–µ—Ç—Å—è –±–ª–∏–∑–∫–∏–º —Ä–æ–¥—Å—Ç–≤–µ–Ω–Ω–∏–∫–æ–º –º–∏–Ω–¥–∞–ª—è, –Ω–µ–∫–æ—Ç–æ—Ä—ã–µ —Å–æ—Ä—Ç–∞ –ª–∏–∫–µ—Ä–∞ –ê–º–∞—Ä–µ—Ç—Ç–æ –≥–æ—Ç–æ–≤—è—Ç—Å—è –Ω–µ –∏–∑ –º–∏–Ω–¥–∞–ª—å–Ω—ã—Ö –æ—Ä–µ—à–∫–æ–≤, –∞ –∏–∑ –∞–±—Ä–∏–∫–æ—Å–æ–≤—ã—Ö. –ù–∞ —Ç–µ—Ä—Ä–∏—Ç–æ—Ä–∏–∏ –ï–≤—Ä–æ–ø—ã, –¥–æ–ª–≥–æ–µ –≤—Ä–µ–º—è –∞–±—Ä–∏–∫–æ—Å—ã... –ß–∏—Ç–∞—Ç—å –µ—â—ë",0
"–ê–±—Ä–∏–∫–æ—Å ‚Äì –ø–æ–ª—å–∑–∞ –∏ –≤—Ä–µ–¥ –∞–±—Ä–∏–∫–æ—Å–∞, –∫–æ—Å—Ç–æ—á–µ–∫, —Ä–µ—Ü–µ–ø—Ç—ã...","–ê–±—Ä–∏–∫–æ—Å ‚Äì —ç—Ç–æ –Ω–∞–∑–≤–∞–Ω–∏–µ –Ω–µ —Ç–æ–ª—å–∫–æ —Å–∞–º–æ–≥–æ –¥–µ—Ä–µ–≤–∞, –æ—Ç–Ω–æ—Å—è—â–µ–≥–æ—Å—è –∫ —Ä–æ–¥—É —Å–ª–∏–≤–æ–≤—ã—Ö ... –°—ä–µ–¥–æ–±–Ω—ã–º —è–≤–ª—è–µ—Ç—Å—è –æ–¥–Ω–æ–∏–º–µ–Ω–Ω—ã–π –ø–ª–æ–¥ –∞–±—Ä–∏–∫–æ—Å–∞, –∫–æ—Ç–æ—Ä—ã–π –∏–º–µ–µ—Ç –∂–µ–ª—Ç—É—é –∏–ª–∏ –æ—Ä–∞–Ω–∂–µ–≤—É—é –º—è–∫–æ—Ç—å, —Ä–∞—Å–ø–æ–ª–æ–∂–µ–Ω–Ω—É—é –≤–æ–∫—Ä—É–≥ –∫–æ—Å—Ç–æ—á–∫–∏. –ë–æ—á–æ–∫ —É –∞–±—Ä–∏–∫–æ—Å–∞... –ß–∏—Ç–∞—Ç—å –µ—â—ë",-1
–ê–±—Ä–∏–∫–æ—Å—ã: –ø–æ–ª—å–∑–∞ –∏ –≤—Ä–µ–¥ –¥–ª—è –∑–¥–æ—Ä–æ–≤—å—è –æ—Ä–≥–∞–Ω–∏–∑–º–∞,"–ê–±—Ä–∏–∫–æ—Å –ø—Ä–µ–¥—Å—Ç–∞–≤–ª—è–µ—Ç —Å–æ–±–æ–π –∫–æ—Å—Ç–æ—á–∫–æ–≤—ã–π —Ñ—Ä—É–∫—Ç. –û–Ω –æ–±–ª–∞–¥–∞–µ—Ç –æ–≤–∞–ª—å–Ω–æ–π —Ñ–æ—Ä–º–æ–π, —è—Ä–∫–æ-–æ—Ä–∞–Ω–∂–µ–≤–æ–π –æ–∫—Ä–∞—Å–∫–æ–π –∏ —à–µ—Ä—à–∞–≤–æ–π –∫–æ–∂—É—Ä–æ–π. –†–æ–¥–∏–Ω–æ–π —Ç–∞–∫–æ–≥–æ –ø—Ä–æ–¥—É–∫—Ç–∞ —Å—á–∏—Ç–∞–µ—Ç—Å—è –ö–∏—Ç–∞–π. –í—ã—Ä–∞—â–∏–≤–∞–µ—Ç—Å—è —Ñ—Ä—É–∫—Ç –±–æ–ª–µ–µ –¥–≤—É—Ö —Ç—ã—Å—è—á–µ–ª–µ—Ç–∏–π, –≤ —Ç–æ –≤—Ä–µ–º—è –∫–∞–∫... –ß–∏—Ç–∞—Ç—å –µ—â—ë",-1
–ö—É–ø–∏—Ç—å —Å–∞–∂–µ–Ω—Ü—ã –ê–±—Ä–∏–∫–æ—Å–∞ –∏–∑ –ø–∏—Ç–æ–º–Ω–∏–∫–∞ —Å –¥–æ—Å—Ç–∞–≤–∫–æ–π...,"–°–∞–∂–µ–Ω—Ü—ã –ó–ö–° –ø–æ –Ω–∏–∑–∫–∏–º —Ü–µ–Ω–∞–º! –ë—ã—Å—Ç—Ä–∞—è –¥–æ—Å—Ç–∞–≤–∫–∞! –ú–æ—Å–∫–≤–∞ –∏ –ú–û! –ë–æ–ª—å—à–æ–π –∞—Å—Å–æ—Ä—Ç–∏–º–µ–Ω—Ç! ¬∑ –ó–∞–∫—Ä—ã—Ç–∞—è –∫–æ—Ä–Ω–µ–≤–∞—è —Å–∏—Å—Ç–µ–º–∞. –°–∫–∏–¥–∫–∏ –Ω–∞ –±–æ–ª—å—à–∏–µ –∑–∞–∫–∞–∑—ã. –ù–∏–∑–∫–∏–µ —Ü–µ–Ω—ã. –ë–æ–ª–µ–µ 3000 —Ç–æ–≤–∞—Ä–æ–≤. –ú–æ—Å–∫–≤–∞ –∏ –æ–±–ª–∞—Å—Ç—å
–ü–ª–æ–¥–æ–≤—ã–µ
–õ–∏—Å—Ç–≤–µ–Ω–Ω—ã–µ
–•–≤–æ–π–Ω—ã–µ
–ú–Ω–æ–≥–æ–ª–µ—Ç–∫–∏ –∏ –ó–µ–º–ª—è–Ω–∏–∫–∞
–ö–æ–Ω—Ç–∞–∫—Ç–Ω–∞—è –∏–Ω—Ñ–æ—Ä–º–∞—Ü–∏—è+7 (919) 997-XX-XX –ü–æ–∫–∞–∑–∞—Ç—å
–ø–Ω-–ø—Ç 10:00-19:00
–ú–æ—Å–∫–≤–∞",-1
–ê–±—Ä–∏–∫–æ—Å—ã 1 –∫–≥ / vodovoz.ru,"–ó–∞–∫–∞–∑–∞—Ç—å –¥–æ—Å—Ç–∞–≤–∫—É –≤–æ–¥—ã –∏ –ø—Ä–æ–¥—É–∫—Ç–æ–≤ –≤ –∫–æ–º–ø–∞–Ω–∏–∏ –í–æ–¥–æ–≤–æ–∑.RU. –°–∫–∏–¥–∫–∏! –ü–æ–¥–∞—Ä–∫–∏! ¬∑ –ö—Ä—É–≥–ª–æ—Å—É—Ç–æ—á–Ω—ã–π —Å–µ—Ä–≤–∏—Å. –ü–æ—Å—Ç–æ—è–Ω–Ω—ã–µ —Å–∫–∏–¥–∫–∏. –ö–æ–Ω—Ç—Ä–æ–ª—å –∫–∞—á–µ—Å—Ç–≤–∞
–í–æ–¥–∞ 19 –ª–∏—Ç—Ä–æ–≤
–ö—É–ª–µ—Ä—ã –¥–ª—è –≤–æ–¥—ã
–ú–∏–Ω–µ—Ä–∞–ª—å–Ω–∞—è –≤–æ–¥–∞
–î–æ—Å—Ç–∞–≤–∫–∞ –ø—Ä–æ–¥—É–∫—Ç–æ–≤
–ö–æ–Ω—Ç–∞–∫—Ç–Ω–∞—è –∏–Ω—Ñ–æ—Ä–º–∞—Ü–∏—è+7 (495) 921-XX-XX –ü–æ–∫–∞–∑–∞—Ç—å
–∫—Ä—É–≥–ª–æ—Å—É—Ç–æ—á–Ω–æ
–†–µ–π—Ç–∏–Ω–≥ –º–∞–≥–∞–∑–∏–Ω–∞ –Ω–∞ –ú–∞—Ä–∫–µ—Ç–µ: 4 –∏–∑ 5
–ú–æ—Å–∫–≤–∞",-1
–ö–∞—Ç–∞–ª–æ–≥ –ê–±—Ä–∏–∫–æ—Å—ã –æ—Ç –º–∞–≥–∞–∑–∏–Ω–∞ –ü—Ä–æ–¥—É–∫—Ç–æ–≤ –ø–∏—Ç–∞–Ω–∏—è,"–ü—Ä–æ–¥—É–∫—Ç—ã –ø–∏—Ç–∞–Ω–∏—è —Å –¥–æ—Å—Ç–∞–≤–∫–æ–π –Ω–∞ –¥–æ–º! –ú–æ—Å–∫–≤–∞ –∏ –ú–æ—Å–∫–æ–≤—Å–∫–∞—è –æ–±–ª–∞—Å—Ç—å
–ö–æ–Ω—Ç–∞–∫—Ç–Ω–∞—è –∏–Ω—Ñ–æ—Ä–º–∞—Ü–∏—è+7 (495) 788-XX-XX –ü–æ–∫–∞–∑–∞—Ç—å
–∫—Ä—É–≥–ª–æ—Å—É—Ç–æ—á–Ω–æ
–ú–æ—Å–∫–≤–∞",-1
"–ê–±—Ä–∏–∫–æ—Å—ã –∫–≥ –û–ö–ï–ô, –†–æ—Å—Å–∏—è / okeydostavka.ru","–ë–µ—Å–ø–ª–∞—Ç–Ω–∞—è –¥–æ—Å—Ç–∞–≤–∫–∞ –≤ –∏–Ω—Ç–µ—Ä–≤–∞–ª–µ —Å 11:00 –¥–æ 22:00. –û–ø–ª–∞—Ç–∞ –ø—Ä–∏ –ø–æ–ª—É—á–µ–Ω–∏–∏. –ó–∞–∫–∞–∂–∏—Ç–µ! ¬∑ –ë—ã—Å—Ç—Ä–∞—è –¥–æ—Å—Ç–∞–≤–∫–∞. –ï–∂–µ–¥–Ω–µ–≤–Ω—ã–µ —Å–∫–∏–¥–∫–∏ –∏ –∞–∫—Ü–∏–∏. –û–±–æ—Ä—É–¥–æ–≤–∞–Ω–Ω—ã–π —Ç—Ä–∞–Ω—Å–ø–æ—Ä—Ç. –ò–Ω—Ç–µ—Ä–≤–∞–ª—ã –¥–æ—Å—Ç–∞–≤–∫–∏. –û–ø–ª–∞—Ç–∞ –æ–Ω–ª–∞–π–Ω –∏–ª–∏ –∫—É—Ä—å–µ—Ä—É
–ù–∞—à–∏ –∞–∫—Ü–∏–∏
–ë–µ—Å–ø–ª–∞—Ç–Ω—ã–π —Å–∞–º–æ–≤—ã–≤–æ–∑
–ó–∞–∫–∞–∑ –æ—Ç 0 —Ä—É–±.
–í—ã–≥–æ–¥–Ω—ã–µ —Å–∫–∏–¥–∫–∏
–ö–æ–Ω—Ç–∞–∫—Ç–Ω–∞—è –∏–Ω—Ñ–æ—Ä–º–∞—Ü–∏—è+7 (800) 250-XX-XX –ü–æ–∫–∞–∑–∞—Ç—å
–ø–Ω-–ø—Ç 10:00-22:00, —Å–±-–≤—Å 10:00-21:45
–†–µ–π—Ç–∏–Ω–≥ –º–∞–≥–∞–∑–∏–Ω–∞ –Ω–∞ –ú–∞—Ä–∫–µ—Ç–µ: 4 –∏–∑ 5
–ú–æ—Å–∫–≤–∞",1
¬´Qiwi¬ª ‚Äî –ø–ª–∞—Ç–µ–∂–Ω—ã–π —Å–µ—Ä–≤–∏—Å,"–û–ø–ª–∞—Ç–∞ –º–æ–±–∏–ª—å–Ω–æ–π —Å–≤—è–∑–∏, –∫–æ–º–º—É–Ω–∞–ª—å–Ω—ã—Ö —É—Å–ª—É–≥, –ø–æ–∫—É–ø–æ–∫ –≤ –æ–Ω–ª–∞–π–Ω-–º–∞–≥–∞–∑–∏–Ω–∞—Ö —á–µ—Ä–µ–∑ –ø–ª–∞—Ç–µ–∂–Ω—ã–µ —Ç–µ—Ä–º–∏–Ω–∞–ª—ã, –∏–Ω—Ç–µ—Ä–Ω–µ—Ç –∏ –º–æ–±–∏–ª—å–Ω—ã–π —Ç–µ–ª–µ—Ñ–æ–Ω. –î–æ—Å—Ç—É–ø –≤ –ª–∏—á–Ω—ã–π –∫–∞–±–∏–Ω–µ—Ç. –ü—Ä–µ–¥–ª–æ–∂–µ–Ω–∏–µ –ø–∞—Ä—Ç–Ω–µ—Ä–∞–º.",1
QIWI Russia ‚Äî –í–ö–æ–Ω—Ç–∞–∫—Ç–µ,–ü–æ–¥–ø–∏—Å—á–∏–∫–æ–≤: 385 —Ç—ã—Å.–û —Å–µ–±–µ: –û—Ñ–∏—Ü–∏–∞–ª—å–Ω–æ ‚Äî QIWI –∫—Ä—É—Ç–æ,1
QIWI Russia ‚Äî Facebook,"–ü–µ—Ä–µ–π–¥–∏—Ç–µ –Ω–∞ —Å—Ç—Ä–∞–Ω–∏—Ü—É –ø–æ–ª—å–∑–æ–≤–∞—Ç–µ–ª—è, —á—Ç–æ–±—ã –ø–æ—Å–º–æ—Ç—Ä–µ—Ç—å –ø—É–±–ª–∏–∫–∞—Ü–∏–∏ –∏–ª–∏ –æ—Ç–ø—Ä–∞–≤–∏—Ç—å —Å–æ–æ–±—â–µ–Ω–∏–µ.–û —Å–µ–±–µ: QIWI Russia. 33,153 likes ¬∑ 36 talking about this ¬∑ 10 were here. –ü–æ–¥–¥–µ—Ä–∂–∫–∞ –ø–æ–ª—å–∑–æ–≤–∞—Ç–µ–ª–µ–π https://qiwi.com/feedback/full.action",1
QIWI Russia ‚Äî OK,"–ü–æ–¥–ø–∏—Å—á–∏–∫–æ–≤: 54 —Ç—ã—Å.–û —Å–µ–±–µ: –ü—Ä–∏–≤–µ—Ç! –≠—Ç–æ –æ—Ñ–∏—Ü–∏–∞–ª—å–Ω–∞—è –≥—Ä—É–ø–ø–∞ QIWI, –≥–¥–µ –º—ã —Ä–µ–≥—É–ª—è—Ä–Ω–æ –¥–µ–ª–∏–º—Å—è –Ω–æ–≤–æ—Å—Ç—è–º–∏ –∏–∑ –º–∏—Ä–∞ IT –∏ —Ç–µ—Ö–Ω–æ–ª–æ–≥–∏–π, –∞ —Ç–∞–∫–∂–µ –∏–∑... –ß–∏—Ç–∞—Ç—å –µ—â—ë",1
QIWI –ë—É–¥—å –¥–æ–º–∞ ‚Äî Instagram,–ü–æ–¥–ø–∏—Å—á–∏–∫–æ–≤: 9 —Ç—ã—Å.–û —Å–µ–±–µ: üì±üíªüí≥‚åöÔ∏è#qiwirussia,0
QIWI ‚Äî Twitter,–ì–æ—Ä–æ–¥: Russia–ü–æ–¥–ø–∏—Å—á–∏–∫–æ–≤: 9 —Ç—ã—Å.–û —Å–µ–±–µ: –ë—É–¥—å –¥–æ–º–∞,0
–ö–∏–≤–∏ –∫–æ—à–µ–ª–µ–∫ –≤—Ö–æ–¥ –ª–∏—á–Ω—ã–π –∫–∞–±–∏–Ω–µ—Ç –æ—Ñ–∏—Ü–∏–∞–ª—å–Ω—ã–π —Å–∞–π—Ç...,–ü–æ–ø—É–ª—è—Ä–Ω—ã–º –æ—Å—Ç–∞–µ—Ç—Å—è —ç–ª–µ–∫—Ç—Ä–æ–Ω–Ω—ã–π –∫–æ—à–µ–ª–µ–∫ –ö–∏–≤–∏ (Qiwi Wallet). ... –ï—Å—Ç—å –Ω–µ—Å–∫–æ–ª—å–∫–æ —Å–ø–æ—Å–æ–±–æ–≤ —Ä–µ–≥–∏—Å—Ç—Ä–∞—Ü–∏–∏ –∫–æ—à–µ–ª—å–∫–∞ –∏ –≤—Ö–æ–¥–∞ –≤ –ª–∏—á–Ω—ã–π –∫–∞–±–∏–Ω–µ—Ç –∫–∏–≤–∏-–∫–æ—à–µ–ª–µ–∫. 1.–ß–µ—Ä–µ–∑ –æ—Ñ–∏—Ü–∏–∞–ª—å–Ω—ã–π —Å–∞–π—Ç. –ù–∞ –æ—Ñ–∏—Ü–∏–∞–ª—å–Ω–æ–º –ø–æ—Ä—Ç–∞–ª–µ Qiwi Wallet –∑–∞–π–¥–∏—Ç–µ –≤–æ... –ß–∏—Ç–∞—Ç—å –µ—â—ë,0
Qiwi ‚Äî –í–∏–∫–∏–ø–µ–¥–∏—è,"3 –ö–∏–≤–∏ –ë–∞–Ω–∫. 4 QIWI –ë–ª–æ–∫—á–µ–π–Ω –¢–µ—Ö–Ω–æ–ª–æ–≥–∏–∏. 5 –ê–∫—Ü–∏–æ–Ω–µ—Ä—ã. ... –ì—Ä—É–ø–ø–∞ QIWI –æ–±—Ä–∞–∑–æ–≤–∞–Ω–∞ –≤ 2007 –≥–æ–¥—É[2]. –í —ç—Ç–æ–º –∂–µ –≥–æ–¥—É –Ω–∞ —Ç–µ—Ä–º–∏–Ω–∞–ª–∞—Ö QIWI –±—ã–ª –∑–∞–ø—É—â–µ–Ω —Å–µ—Ä–≤–∏—Å ¬´–õ–∏—á–Ω—ã–π –∫–∞–±–∏–Ω–µ—Ç¬ª, –∫–æ—Ç–æ—Ä—ã–π –≤–ø–æ—Å–ª–µ–¥—Å—Ç–≤–∏–∏ –±—ã–ª –ø–µ—Ä–µ–∏–º–µ–Ω–æ–≤–∞–Ω –≤ ¬´QIWI –ö–æ—à–µ–ª—ë–∫¬ª. –ß–∏—Ç–∞—Ç—å –µ—â—ë",0
ibank.qiwi.ru,–°—Å—ã–ª–∫–∏ –Ω–∞ —Å—Ç—Ä–∞–Ω–∏—Ü—É —Å–æ–¥–µ—Ä–∂–∞—Ç: –ø—Ä–µ–¥–≤–∞—Ä–∏—Ç–µ–ª—å–Ω—É—é —Ä–µ–≥–∏—Å—Ç—Ä–∞—Ü–∏—é –Ω–∞ —Å–∞–π—Ç–µ –ë–∞–Ω–∫–∞ - Qiwi....,0
–ö–∏–≤–∏ –ë–∞–Ω–∫ –≤ –ú–æ—Å–∫–≤–µ - –∞–¥—Ä–µ—Å–∞ –≥–æ–ª–æ–≤–Ω–æ–≥–æ –æ—Ñ–∏—Å–∞ –ú–æ—Å–∫–≤—ã...,"–ù–∞ –¥–∞–Ω–Ω–æ–π —Å—Ç—Ä–∞–Ω–∏—Ü–µ –ø—Ä–µ–¥—Å—Ç–∞–≤–ª–µ–Ω—ã –∞–∫—Ç—É–∞–ª—å–Ω—ã–µ –∞–¥—Ä–µ—Å–∞ –ö–∏–≤–∏ –ë–∞–Ω–∫–∞ –≤ –ú–æ—Å–∫–≤–µ - —Ç–µ–ª–µ—Ñ–æ–Ω—ã, —É–¥–æ–±–Ω–∞—è –∫–∞—Ä—Ç–∞ –∏ –≥–æ—Ä—è—á–∞—è –ª–∏–Ω–∏—è. –ß–∏—Ç–∞—Ç—å –µ—â—ë",-1
–ö—É–ø–∏—Ç–µ –∫–∏–≤–∏ ‚Äì –£—Ç–∫–æ–Ω–æ—Å –û–Ω–ª–∞–π–Ω,"–ë–æ–ª—å—à–æ–π –≤—ã–±–æ—Ä —Å–≤–µ–∂–∏—Ö –ø—Ä–æ–¥—É–∫—Ç–æ–≤. –ó–∞–∫–∞–∂–∏—Ç–µ, –Ω–µ –≤—ã—Ö–æ–¥—è –∏–∑ –¥–æ–º–∞. –ë–µ—Å–ø–ª–∞—Ç–Ω–∞—è –¥–æ—Å—Ç–∞–≤–∫–∞. ¬∑ –ö–∞—á–µ—Å—Ç–≤–µ–Ω–Ω—ã–µ —Ç–æ–≤–∞—Ä—ã. –û–ø–ª–∞—Ç–∞ –Ω–∞–ª–∏—á–Ω—ã–º–∏/–∫–∞—Ä—Ç–æ–π. 19 –ª–µ—Ç —É—Å–ø–µ—à–Ω–æ–π —Ä–∞–±–æ—Ç—ã. –¢—ã—Å—è—á–∏ —Ç–æ–≤–∞—Ä–æ–≤ —Å–æ —Å–∫–∏–¥–∫–æ–π",-1
"–ü–∞—Ä—Ç–∏—è –Ø–±–ª–æ–∫–æ ‚Äì —Å—Ç—Ä–æ–∏—Ç—å –±—É–¥—É—â–µ–µ, –∞ –Ω–µ –±–æ—è—Ç—å—Å—è –µ–≥–æ","–ù–∞—à–∞ —Ü–µ–ª—å ‚Äî —Å–¥–µ–ª–∞—Ç—å –†–æ—Å—Å–∏—é —Å–≤–æ–±–æ–¥–Ω–æ–π, —Å–æ–≤—Ä–µ–º–µ–Ω–Ω–æ–π, –µ–≤—Ä–æ–ø–µ–π—Å–∫–æ–π —Å—Ç—Ä–∞–Ω–æ–π 21 –≤–µ–∫–∞. –≠—Ç–æ —É–≤–∞–∂–µ–Ω–∏–µ –∫ —á–µ–ª–æ–≤–µ–∫—É, –∫ –µ–≥–æ –∂–∏–∑–Ω–∏, –±–µ–∑–æ–ø–∞—Å–Ω–æ—Å—Ç–∏, –∫ –µ–≥–æ ...",1
–Ø–±–ª–æ–∫–æ (–ø–∞—Ä—Ç–∏—è) ‚Äî –í–∏–∫–∏–ø–µ–¥–∏—è,–†–æ—Å—Å–∏–π—Å–∫–∞—è –æ–±—ä–µ–¥–∏–Ω—ë–Ω–Ω–∞—è –¥–µ–º–æ–∫—Ä–∞—Ç–∏—á–µ—Å–∫–∞—è –ø–∞—Ä—Ç–∏—è ¬´–Ø–±–ª–æ–∫–æ¬ª ‚Äî –∑–∞—Ä–µ–≥–∏—Å—Ç—Ä–∏—Ä–æ–≤–∞–Ω–Ω–∞—è —Ä–æ—Å—Å–∏–π—Å–∫–∞—è –ø–æ–ª–∏—Ç–∏—á–µ—Å–∫–∞—è –ø–∞—Ä—Ç–∏—è —Ü–µ–Ω—Ç—Ä–∏—Å—Ç—Å–∫–æ–≥–æ –∏ ...,1
–Ø–±–ª–æ–∫–æ ‚Äî –í–∏–∫–∏–ø–µ–¥–∏—è,"–ØÃÅ–±–ª–æ–∫–æ ‚Äî —Å–æ—á–Ω—ã–π –ø–ª–æ–¥ —è–±–ª–æ–Ω–∏, –∫–æ—Ç–æ—Ä—ã–π —É–ø–æ—Ç—Ä–µ–±–ª—è–µ—Ç—Å—è –≤ –ø–∏—â—É –≤ —Å–≤–µ–∂–µ–º –≤–∏–¥–µ, —Å–ª—É–∂–∏—Ç —Å—ã—Ä—å—ë–º –≤ –∫—É–ª–∏–Ω–∞—Ä–∏–∏ –∏ –¥–ª—è –ø—Ä–∏–≥–æ—Ç–æ–≤–ª–µ–Ω–∏—è –Ω–∞–ø–∏—Ç–∫–æ–≤. –ù–∞–∏–±–æ–ª—å—à–µ–µ ...",1
Apple (–†–æ—Å—Å–∏—è) ‚Äì –û—Ñ–∏—Ü–∏–∞–ª—å–Ω—ã–π —Å–∞–π—Ç,"–í—Å–µ –∏–Ω–Ω–æ–≤–∞—Ü–∏–∏ Apple, –≤–∫–ª—é—á–∞—è iPhone, iPad, Apple Watch, Mac, Apple TV. –ê —Ç–∞–∫–∂–µ –∞–∫—Å–µ—Å—Å—É–∞—Ä—ã, —Ä–∞–∑–≤–ª–µ—á–µ–Ω–∏—è, —Å–ø—Ä–∞–≤–æ—á–Ω–∞—è –∏–Ω—Ñ–æ—Ä–º–∞—Ü–∏—è –∏ –º–Ω–æ–≥–æ–µ –¥—Ä—É–≥–æ–µ.",1
iPhone ‚Äì Apple (RU),"iPhone 11 Pro, iPhone 11 Pro Max, iPhone 11, iPhone SE –∏ iPhone XR ‚Äî –≤—Å—ë —ç—Ç–æ iPhone, –Ω–µ–≤–µ—Ä–æ—è—Ç–Ω–æ –º–æ—â–Ω–æ–µ –ø–µ—Ä—Å–æ–Ω–∞–ª—å–Ω–æ–µ —É—Å—Ç—Ä–æ–π—Å—Ç–≤–æ.",0
¬´–ó–æ–ª–æ—Ç–æ–µ —è–±–ª–æ–∫–æ¬ª - –∏–Ω—Ç–µ—Ä–Ω–µ—Ç-–º–∞–≥–∞–∑–∏–Ω –∫–æ—Å–º–µ—Ç–∏–∫–∏ –∏ ...,"–ö–æ—Å–º–µ—Ç–∏–∫–∞ –∏ –ø–∞—Ä—Ñ—é–º–µ—Ä–∏—è ‚Äî –∫—É–ø–∏—Ç–µ –æ–Ω–ª–∞–π–Ω –≤ –∏–Ω—Ç–µ—Ä–Ω–µ—Ç-–º–∞–≥–∞–∑–∏–Ω–µ ¬´–ó–æ–ª–æ—Ç–æ–µ —è–±–ª–æ–∫–æ¬ª. –ë–æ–ª–µ–µ 700 –∏–∑–≤–µ—Å—Ç–Ω—ã—Ö –±—Ä–µ–Ω–¥–æ–≤: –ø—Ä–æ—Ñ–µ—Å—Å–∏–æ–Ω–∞–ª—å–Ω–∞—è, –Ω–∞—Ç—É—Ä–∞–ª—å–Ω–∞—è, ...",0
–ü–∞—Ä—Ç–∏—è –Ø–ë–õ–û–ö–û | –í–ö–æ–Ω—Ç–∞–∫—Ç–µ,"–†–æ—Å—Å–∏–π—Å–∫–∞—è –æ–±—ä–µ–¥–∏–Ω–µ–Ω–Ω–∞—è –¥–µ–º–æ–∫—Ä–∞—Ç–∏—á–µ—Å–∫–∞—è –ø–∞—Ä—Ç–∏—è –Ø–ë–õ–û–ö–û –ú—ã –±–æ—Ä–µ–º—Å—è –∑–∞ —Ç–æ, —á—Ç–æ–±—ã —Å–¥–µ–ª–∞—Ç—å –†–æ—Å—Å–∏—é —Å–∏–ª—å–Ω–æ–π –∏ —Å–æ–≤—Ä–µ–º–µ–Ω–Ω–æ–π —Å—Ç—Ä–∞–Ω–æ–π, —É–¥–æ–±–Ω–æ–π –∏ ...",0
–ú–æ—Å–∫–æ–≤—Å–∫–æ–µ –Ø–ë–õ–û–ö–û: –ì–ª–∞–≤–Ω–∞—è,–í –ú–∞—Ä—å–∏–Ω–æ –æ—Ç –ø–∞—Ä—Ç–∏–∏ ¬´–Ø–±–ª–æ–∫–æ¬ª –Ω–∞ –¥–æ–ø–æ–ª–Ω–∏—Ç–µ–ª—å–Ω—ã—Ö –≤—ã–±–æ—Ä–∞—Ö –≤ –°–æ–≤–µ—Ç –¥–µ–ø—É—Ç–∞—Ç–æ–≤ –±—É–¥—É—Ç –±–∞–ª–ª–æ—Ç–∏—Ä–æ–≤–∞—Ç—å—Å—è –°–µ—Ä–≥–µ–π –ó–∞–ø–æ–ª—å–Ω–æ–≤ –∏ –î–∞–Ω–∏–ª–∞ –°—Ç–æ–ª—å.,0
–†–û–î–ü –Ø–±–ª–æ–∫–æ - Lenta.ru,"–ò–º–µ–ª–∞ —Ñ—Ä–∞–∫—Ü–∏—é –≤ –Ω–µ—Å–∫–æ–ª—å–∫–∏—Ö —Å–æ—Å—Ç–∞–≤–∞—Ö –ì–æ—Å—É–¥–∞—Ä—Å—Ç–≤–µ–Ω–Ω–æ–π –¥—É–º—ã –≤ 1993-2003 –≥–æ–¥–∞—Ö. –†–æ—Å—Å–∏–π—Å–∫–∞—è –æ–±—ä–µ–¥–∏–Ω–µ–Ω–Ω–∞—è –¥–µ–º–æ–∫—Ä–∞—Ç–∏—á–µ—Å–∫–∞—è –ø–∞—Ä—Ç–∏—è ""–Ø–±–ª–æ–∫–æ"" ...",0
–Ø–±–ª–æ–∫–æ - –ø–æ—Å–ª–µ–¥–Ω–∏–µ –Ω–æ–≤–æ—Å—Ç–∏ —Å–µ–≥–æ–¥–Ω—è - –†–ò–ê –ù–æ–≤–æ—Å—Ç–∏,–Ø–±–ª–æ–∫–æ. –ß–∏—Ç–∞–π—Ç–µ –ø–æ—Å–ª–µ–¥–Ω–∏–µ –Ω–æ–≤–æ—Å—Ç–∏ –Ω–∞ —Ç–µ–º—É –≤ –ª–µ–Ω—Ç–µ –Ω–æ–≤–æ—Å—Ç–µ–π –Ω–∞ —Å–∞–π—Ç–µ –†–ò–ê –ù–æ–≤–æ—Å—Ç–∏. –°–µ–Ω–∞—Ç–æ—Ä –ê–ª–µ–∫—Å–µ–π –ü—É—à–∫–æ–≤ –ø—Ä–æ–∫–æ–º–º–µ–Ω—Ç–∏—Ä–æ–≤–∞–ª –ø—Ä–µ–¥–ª–æ–∂–µ–Ω–∏–µ –Ø–Ω–∞ ...,-1
–ê–±—Ä–∏–∫–æ—Å –æ–±—ã–∫–Ω–æ–≤–µ–Ω–Ω—ã–π ‚Äî –í–∏–∫–∏–ø–µ–¥–∏—è,"–ê–±—Ä–∏–∫–æÃÅ—Å –æ–±—ã–∫–Ω–æ–≤–µÃÅ–Ω–Ω—ã–π (–ª–∞—Ç. Pr√∫nus armen√≠aca) ‚Äî –ø–ª–æ–¥–æ–≤–æ–µ –¥–µ—Ä–µ–≤–æ, –≤–∏–¥ –∏–∑ —Å–µ–∫—Ü–∏–∏ –ê–±—Ä–∏–∫–æ—Å (Armeniaca) —Ä–æ–¥–∞ –°–ª–∏–≤–∞ (Prunus) —Å–µ–º–µ–π—Å—Ç–≤–∞ –†–æ–∑–æ–≤—ã–µ ...",1
–ê–±—Ä–∏–∫–æ—Å (—Ñ—Ä—É–∫—Ç) ‚Äî –í–∏–∫–∏–ø–µ–¥–∏—è,"–ê–±—Ä–∏–∫–æÃÅ—Å ‚Äî –ø–ª–æ–¥ –¥–µ—Ä–µ–≤–∞ –∞–±—Ä–∏–∫–æ—Å, –æ–±—ã—á–Ω–æ –∞–±—Ä–∏–∫–æ—Å–∞ –æ–±—ã–∫–Ω–æ–≤–µ–Ω–Ω–æ–≥–æ (–ª–∞—Ç. Prunus armeniaca Lin., Armeniaca vulgaris Lam.), –Ω–æ —Ç–∞–∫–∂–µ –∏ –±–ª–∏–∑–∫–æ—Ä–æ–¥—Å—Ç–≤–µ–Ω–Ω—ã—Ö ...",1
¬´–ê–±—Ä–∏–∫–æ—Å¬ª ‚Äî –∑–∞–∫–∞–∑–∞—Ç—å –¥–æ—Å—Ç–∞–≤–∫—É –ø—Ä–æ–¥—É–∫—Ç–æ–≤ –Ω–∞ –¥–æ–º –≤ –ú–æ—Å–∫–≤–µ,"–ò–Ω—Ç–µ—Ä–Ω–µ—Ç-–º–∞–≥–∞–∑–∏–Ω ¬´–ê–±—Ä–∏–∫–æ—Å¬ª –æ—Å—É—â–µ—Å—Ç–≤–ª—è–µ—Ç –¥–æ—Å—Ç–∞–≤–∫—É –ø—Ä–æ–¥—É–∫—Ç–æ–≤ –Ω–∞ –¥–æ–º. –í—ã –º–æ–∂–µ—Ç–µ –ø—Ä–∏–æ–±—Ä–µ—Å—Ç–∏ –æ–≤–æ—â–∏, —Ñ—Ä—É–∫—Ç—ã, –∫—É–ø–∏—Ç—å –º–æ—Ä–µ–ø—Ä–æ–¥—É–∫—Ç—ã –≤ –ú–æ—Å–∫–≤–µ, –ø—Ä–æ—Å—Ç–æ ...",1
–ë–∞–∑–∞ –¥–∞–Ω–Ω—ã—Ö —Å–æ—Ä—Ç–æ–≤ –∞–±—Ä–∏–∫–æ—Å–∞ - –§–ì–ë–ù–£ –í–ù–ò–ò–°–ü–ö,"–ê–±—Ä–∏–∫–æÃÅ—Å –æ–±—ã–∫–Ω–æ–≤–µÃÅ–Ω–Ω—ã–π (–ª–∞—Ç. Pr√∫nus armeni√°ca) ‚Äî –ø–ª–æ–¥–æ–≤–æ–µ –¥–µ—Ä–µ–≤–æ, –≤–∏–¥ –∏–∑ —Å–µ–∫—Ü–∏–∏ –ê–±—Ä–∏–∫–æ—Å (Armeniaca) —Ä–æ–¥–∞ –°–ª–∏–≤–∞ (Prunus) —Å–µ–º–µ–π—Å—Ç–≤–∞ –†–æ–∑–æ–≤—ã–µ ...",1
"–ê–±—Ä–∏–∫–æ—Å: –∫–∞–∫–∏–µ –≤–∏—Ç–∞–º–∏–Ω—ã –≤—Ö–æ–¥—è—Ç –≤ —Å–æ—Å—Ç–∞–≤, –ø–æ–ª—å–∑–∞ ...","–ê–±—Ä–∏–∫–æ—Å –æ–∫–∞–∑—ã–≤–∞–µ—Ç –º—è–≥–∫–æ–µ —Å–ª–∞–±–∏—Ç–µ–ª—å–Ω–æ–µ –¥–µ–π—Å—Ç–≤–∏–µ, –∞ –∞–±—Ä–∏–∫–æ—Å–æ–≤—ã–π —Å–æ–∫ —Å–ø–æ—Å–æ–±—Å—Ç–≤—É–µ—Ç –Ω–æ—Ä–º–∞–ª–∏–∑–∞—Ü–∏–∏ –∫–∏—Å–ª–æ—Ç–Ω–æ—Å—Ç–∏ –∂–µ–ª—É–¥–∫–∞, –ø–æ—ç—Ç–æ–º—É –µ–≥–æ –º–æ–∂–Ω–æ ...",0
–ß–µ–º –ø–æ–ª–µ–∑–µ–Ω –∏ –æ–ø–∞—Å–µ–Ω –∞–±—Ä–∏–∫–æ—Å - foodandmood.com.ua,"–í—ã–±–∏—Ä–∞–π—Ç–µ —É–ø—Ä—É–≥–∏–µ –∞–±—Ä–∏–∫–æ—Å—ã, –±–µ–∑ –ø–æ–≤—Ä–µ–∂–¥–µ–Ω–∏–π –∏ –≤–º—è—Ç–∏–Ω. –°–ø–µ–ª—ã–π –∞–±—Ä–∏–∫–æ—Å –æ—á–µ–Ω—å –∞—Ä–æ–º–∞—Ç–Ω—ã–π –∏ –∏–º–µ–µ—Ç —Ä–æ–≤–Ω—É—é –æ–∫—Ä–∞—Å–∫—É. –ò–∑–±–µ–≥–∞–π—Ç–µ –∞–±—Ä–∏–∫–æ—Å–æ–≤ —Å —Ç–µ–º–Ω—ã–º–∏ ...",0
0,0,0
0,0,0
0,0,0
0,0,-1
–∞–±—Ä–∏–∫–æ—Å ‚Äî –í–∏–∫–∏—Å–ª–æ–≤–∞—Ä—å,"Pr√∫nus) ‚óá –ü—Ä–æ—à–ª–∏ –Ω–µ—Å–∫–æ–ª—å–∫–æ –¥–µ—Ä–µ–≤–µ–Ω—å; –ø–æ –¥–æ–ª–∏–Ω–µ —Ä–µ—á–∫–∞; —Å–∞–¥—ã –∏ –≤–æ–æ–±—â–µ —Ä–∞—Å—Ç–∏—Ç–µ–ª—å–Ω–æ—Å—Ç—å —á—É–¥–µ—Å–Ω—ã–µ: –¥—É–±, —Ç—É—Ç, –æ—Ä–µ—Ö, –≥—Ä—É—à–∞, —è–±–ª–æ–Ω—è, –∞–±—Ä–∏–∫–æ—Å, –∫–∏—Å–ª—ã–µ ...",-1
–°–∞–∂–µ–Ω–µ—Ü –ê–±—Ä–∏–∫–æ—Å –≤ –∞—Å—Å–æ—Ä—Ç–∏–º–µ–Ω—Ç–µ 6 —Å–æ—Ä—Ç–æ–≤ 2 –ª–µ—Ç–∫–∞ –∫—É–ø–∏—Ç—å ...,–°–∞–∂–µ–Ω–µ—Ü –ê–±—Ä–∏–∫–æ—Å –≤ –∞—Å—Å–æ—Ä—Ç–∏–º–µ–Ω—Ç–µ 6 —Å–æ—Ä—Ç–æ–≤ 2 –ª–µ—Ç–∫–∞ –∫—É–ø–∏—Ç—å –ø–æ —Ü–µ–Ω–µ 769.0 —Ä—É–±–ª–µ–π –≤ –∏–Ω—Ç–µ—Ä–Ω–µ—Ç-–º–∞–≥–∞–∑–∏–Ω–µ –û–ë–ò —Å –¥–æ—Å—Ç–∞–≤–∫–æ–π. –û—Å–Ω–æ–≤–Ω—ã–µ —Ö–∞—Ä–∞–∫—Ç–µ—Ä–∏—Å—Ç–∏–∫–∏: ...,-1
–ê–±—Ä–∏–∫–æ—Å—ã - –∫—É–ø–∏—Ç—å —Å–∞–∂–µ–Ω—Ü—ã - —Ñ–æ—Ç–æ –∏ –æ–ø–∏—Å–∞–Ω–∏–µ —Å–æ—Ä—Ç–æ–≤ ...,–ö—É–ø–∏—Ç—å —Å–∞–∂–µ–Ω—Ü—ã –∞–±—Ä–∏–∫–æ—Å–∞ –≤ –∏–Ω—Ç–µ—Ä–Ω–µ—Ç-–º–∞–≥–∞–∑–∏–Ω–µ –ü–æ–¥–≤–æ—Ä—å–µ. –ö–∞—Ç–∞–ª–æ–≥ —Å–æ—Ä—Ç–æ–≤ —Å –æ–ø–∏—Å–∞–Ω–∏—è–º–∏ –∏ —Ñ–æ—Ç–æ. –ú–æ—Ä–æ–∑–æ—Å—Ç–æ–π–∫–∏–µ —Å–æ—Ä—Ç–∞ –¥–ª—è –ú–æ—Å–∫–≤—ã –∏ –ü–æ–¥–º–æ—Å–∫–æ–≤—å—è.,-1
"–ö—É–ø–∏—Ç—å –ê–±—Ä–∏–∫–æ—Å –≤ –ø–∏—Ç–æ–º–Ω–∏–∫–µ: —Ü–µ–Ω–∞, —Å—Ç–æ–∏–º–æ—Å—Ç—å –¥–æ—Å—Ç–∞–≤–∫–∏ ...",–ê–±—Ä–∏–∫–æ—Å: —Å–æ—Ä—Ç–∞ –∏ –æ—Å–Ω–æ–≤–Ω—ã–µ —Ö–∞—Ä–∞–∫—Ç–µ—Ä–∏—Å—Ç–∏–∫–∏. –ê–±—Ä–∏–∫–æ—Å–æ–≤—ã–µ –¥–µ—Ä–µ–≤—å—è –¥–µ–ª—è—Ç –Ω–∞ –¥–≤–∞ –æ—Å–Ω–æ–≤–Ω—ã—Ö –≤–∏–¥–∞: –¥–∏–∫–æ—Ä–∞—Å—Ç—É—â–∏–µ;; –æ–∫—É–ª—å—Ç—É—Ä–µ–Ω–Ω—ã–µ —á–µ–ª–æ–≤–µ–∫–æ–º.,-1
"QIWI –ö–æ—à–µ–ª–µ–∫ ‚Äî —ç–ª–µ–∫—Ç—Ä–æ–Ω–Ω–∞—è –ø–ª–∞—Ç–µ–∂–Ω–∞—è —Å–∏—Å—Ç–µ–º–∞, –æ–Ω–ª–∞–π–Ω ...","–°–æ–∑–¥–∞–π—Ç–µ QIWI –ö–æ—à–µ–ª–µ–∫ –∏ —Å–æ–≤–µ—Ä—à–∞–π—Ç–µ –ª—é–±—ã–µ –ø–ª–∞—Ç–µ–∂–∏: –∫–æ–º–º—É–Ω–∞–ª—å–Ω—ã–µ —É—Å–ª—É–≥–∏, –¥–µ–Ω–µ–∂–Ω—ã–µ –ø–µ—Ä–µ–≤–æ–¥—ã, –ø–æ–∫—É–ø–∫–∏ –≤ –∏–Ω—Ç–µ—Ä–Ω–µ—Ç–µ ‚Äî —Å —ç–∫—Ä–∞–Ω–∞ –≤–∞—à–µ–≥–æ ...",1
Qiwi,"–ò–Ω—Ñ–æ—Ä–º–∞—Ü–∏—è –æ–± —ç—Ç–æ–π —Å—Ç—Ä–∞–Ω–∏—Ü–µ –Ω–µ–¥–æ—Å—Ç—É–ø–Ω–∞.
–ü–æ–¥—Ä–æ–±–Ω–µ–µ‚Ä¶",1
Qiwi ‚Äî –í–∏–∫–∏–ø–µ–¥–∏—è,–ì—Ä—É–ø–ø–∞ QIWI (QIWI plc) ‚Äî —Ä–æ—Å—Å–∏–π—Å–∫–∏–π –ø–ª–∞—Ç—ë–∂–Ω—ã–π —Å–µ—Ä–≤–∏—Å. –°–æ–¥–µ—Ä–∂–∞–Ω–∏–µ. 1 –ò—Å—Ç–æ—Ä–∏—è; 2 –í–æ–∑–º–æ–∂–Ω–æ—Å—Ç–∏; 3 –ö–∏–≤–∏ –ë–∞–Ω–∫; 4 QIWI –ë–ª–æ–∫—á–µ–π–Ω –¢–µ—Ö–Ω–æ–ª–æ–≥–∏–∏ ...,1
–ö–∏–≤–∏ (—Ñ—Ä—É–∫—Ç) ‚Äî –í–∏–∫–∏–ø–µ–¥–∏—è,"–ö–∏ÃÅ–≤–∏ ‚Äî –Ω–∞–∑–≤–∞–Ω–∏–µ –ø–ª–æ–¥–æ–≤ –∫—É–ª—å—Ç—É—Ä–Ω—ã—Ö —Å–æ—Ä—Ç–æ–≤ —Ä–∞—Å—Ç–µ–Ω–∏–π —Ä–æ–¥–∞ –ê–∫—Ç–∏–Ω–∏ÃÅ–¥–∏—è, –ø—Ä–∏–Ω–∞–¥–ª–µ–∂–∞—â–∏—Ö –∫ –≤–∏–¥–∞–º –ê–∫—Ç–∏–Ω–∏ÃÅ–¥–∏—è –∫–∏—Ç–∞ÃÅ–π—Å–∫–∞—è (–ª–∞—Ç. Actinidia chinensis) –∏–ª–∏ ...",1
QIWI Russia | –í–ö–æ–Ω—Ç–∞–∫—Ç–µ,–ö–∏–≤–∏ –æ—Ç–ª–∏—á–Ω—ã–π –∫–æ—à–µ–ª–µ–∫. –° –Ω–∏–º–∏ –Ω–∏–∫–æ–≥–¥–∞ –ø—Ä–æ–±–ª–µ–º –Ω–µ –±—ã–ª–æ . –í –æ—Ç–ª–∏—á–∏–µ –æ—Ç –¥—Ä—É–≥–∏—Ö. –õ–µ–≥–∫–∞—è —Ä–µ–≥–∏—Å—Ç—Ä–∞—Ü–∏—è –ø–æ –Ω–æ–º–µ—Ä—É —Ç–µ–ª–µ—Ñ–æ–Ω–∞ –∏ –ª–µ–≥–∫–æ –¥–æ–∫–∞–∑–∞—Ç—å –≤–ª–∞–¥–µ–ª—å—Ü–∞.,0
–ü—Ä–∏–ª–æ–∂–µ–Ω–∏—è –≤ Google Play ‚Äì QIWI –ö–æ—à–µ–ª–µ–∫,"–ù–∞—á–Ω–µ–º —Å –Ω–æ–≤–µ–Ω—å–∫–æ–≥–æ –í–∏–¥–∂–µ—Ç –£—Å—Ç–∞–Ω–æ–≤–∏—Ç–µ –≤–∏–¥–∂–µ—Ç –∏ —Å–ª–µ–¥–∏—Ç–µ –∑–∞ –±–∞–ª–∞–Ω—Å–æ–º –∫–æ—à–µ–ª—å–∫–∞ –Ω–∞ –ª—é–±–æ–º —ç–∫—Ä–∞–Ω–µ. –ì—Ä–∞—Ñ–∏—Ç–æ–≤—ã–π, –æ—Ä–∞–Ω–∂–µ–≤—ã–π –∏ –ø—Ä–æ—Å—Ç–æ –±–µ–ª—ã–π.",0
–û–ø–ª–∞—Ç–∞ —á–µ—Ä–µ–∑ Visa QIWI WALLET - –ø–ª–∞—Ç–µ–∂–Ω—ã–µ —Å–∏—Å—Ç–µ–º—ã –¥–ª—è ...,–û–ø–ª–∞—Ç–∞ —á–µ—Ä–µ–∑ Visa QIWI WALLET - –ø–ª–∞—Ç–µ–∂–Ω—ã–µ —Å–∏—Å—Ç–µ–º—ã –¥–ª—è —Å–∞–π—Ç–æ–≤ –∏ —É—Å–ª—É–≥ Platron. –ü—Ä–∏–µ–º –æ–ø–ª–∞—Ç—ã —á–µ—Ä–µ–∑ –∏–Ω—Ç–µ—Ä–Ω–µ—Ç –∏ –º–æ–±–∏–ª—å–Ω—ã—Ö –ø—Ä–∏–ª–æ–∂–µ–Ω–∏–π. –û–Ω–ª–∞–π–Ω ...,0
